{"epoch":3500,"k1":-0.000005,"k2":0.000008,"mode_switch":1,"video_path":"OOP"}